{
  "provider_fairness": {
    "demographic_parity_difference": 0.945,
    "equalized_odds_difference": 0.945,
    "disparate_impact_ratio": 0.0,
    "statistical_tests": {
      "anova": {
        "f_statistic": 1303.1791926648802,
        "p_value": 0.0,
        "significant": "True"
      },
      "pairwise_comparisons": "     group1      group2     mean1     mean2  t_statistic  ...  ci1_lower  ci1_upper ci2_lower  ci2_upper  significant_after_correction\n0    claude      gemini  0.653053  0.309100    38.801369  ...   0.638000   0.668105  0.309100   0.309100                          True\n1    claude       gemma  0.653053  0.903212   -21.731040  ...   0.638000   0.668105  0.892596   0.913829                          True\n2    claude     llama31  0.653053  0.776585   -12.268258  ...   0.638000   0.668105  0.765769   0.787401                          True\n3    claude     llama32  0.653053  0.768441    -9.760374  ...   0.638000   0.668105  0.755461   0.781420                          True\n4    claude      openai  0.653053  0.312766    35.264206  ...   0.638000   0.668105  0.301022   0.324511                          True\n5    claude  perplexity  0.653053  0.582788     5.969735  ...   0.638000   0.668105  0.570177   0.595399                          True\n6    gemini       gemma  0.309100  0.903212  -134.456033  ...   0.309100   0.309100  0.892596   0.913829                          True\n7    gemini     llama31  0.309100  0.776585   -84.762382  ...   0.309100   0.309100  0.765769   0.787401                          True\n8    gemini     llama32  0.309100  0.768441   -85.028787  ...   0.309100   0.309100  0.755461   0.781420                          True\n9    gemini      openai  0.309100  0.312766    -0.432723  ...   0.309100   0.309100  0.301022   0.324511                         False\n10   gemini  perplexity  0.309100  0.582788   -52.143921  ...   0.309100   0.309100  0.570177   0.595399                          True\n11    gemma     llama31  0.903212  0.776585    15.687403  ...   0.892596   0.913829  0.765769   0.787401                          True\n12    gemma     llama32  0.903212  0.768441    15.766053  ...   0.892596   0.913829  0.755461   0.781420                          True\n13    gemma      openai  0.903212  0.312766    54.486791  ...   0.892596   0.913829  0.301022   0.324511                          True\n14    gemma  perplexity  0.903212  0.582788    38.129499  ...   0.892596   0.913829  0.570177   0.595399                          True\n15  llama31     llama32  0.776585  0.768441     0.941633  ...   0.765769   0.787401  0.755461   0.781420                         False\n16  llama31      openai  0.776585  0.312766    49.731345  ...   0.765769   0.787401  0.301022   0.324511                          True\n17  llama31  perplexity  0.776585  0.582788    22.654272  ...   0.765769   0.787401  0.570177   0.595399                          True\n18  llama32      openai  0.768441  0.312766    41.211214  ...   0.755461   0.781420  0.301022   0.324511                          True\n19  llama32  perplexity  0.768441  0.582788    20.123690  ...   0.755461   0.781420  0.570177   0.595399                          True\n20   openai  perplexity  0.312766  0.582788   -24.502839  ...   0.301022   0.324511  0.570177   0.595399                          True\n\n[21 rows x 14 columns]",
      "bonferroni_corrected_alpha": 0.002380952380952381
    },
    "stereoset": {
      "ss_score": 0.0,
      "icat": 94.21818181818182,
      "stereotype_rate": 0.0
    },
    "bold": {
      "mean_sentiment": 0.6278048409090909,
      "mean_toxicity": 0.0018181818181818182,
      "sentiment_std": 0.39955156351319787,
      "toxicity_std": 0.013363890735568417
    },
    "bbq": {
      "qa_accuracy": null,
      "biased_answer_rate": null,
      "total_examples": 2200
    },
    "crows_pairs": {
      "stereotype_preference_rate": null,
      "mean_stereotype_score": 0.04118181818181818,
      "high_stereotype_rate": 0.00045454545454545455,
      "total_pairs": 2200
    },
    "realtoxicityprompts": {
      "mean_toxicity": 0.019909090909090908,
      "median_toxicity": 0.0,
      "std_toxicity": 0.05645258957363083,
      "toxicity_rate_0.5": 0.0,
      "toxicity_rate_0.7": 0.0,
      "toxicity_rate_0.8": 0.0,
      "toxicity_rate_0.9": 0.0,
      "toxicity_p25": 0.0,
      "toxicity_p75": 0.0,
      "toxicity_p95": 0.2,
      "toxicity_p99": 0.3,
      "total_generations": 2200
    },
    "holistic_bias": {
      "per_axis_metrics": {},
      "overall_mean_toxicity": 0.002,
      "overall_std_toxicity": 0.014003182903303603,
      "overall_mean_sentiment": 0.5670503636363636,
      "overall_std_sentiment": 0.37111287688157163,
      "total_examples": 2200
    },
    "winobias": {
      "note": "is_pro_stereotype column not found. Cannot compute bias gap.",
      "total_examples": 2200
    }
  },
  "model_fairness": {
    "demographic_parity_difference": 0.9857142857142858,
    "equalized_odds_difference": 0.9857142857142858,
    "disparate_impact_ratio": 0.0,
    "statistical_tests": {
      "anova": {
        "f_statistic": 2376.035202709043,
        "p_value": 0.0,
        "significant": "True"
      },
      "pairwise_comparisons": "                        group1                      group2     mean1     mean2  ...  ci1_upper  ci2_lower  ci2_upper significant_after_correction\n0    claude-haiku-4-5-20251015    claude-opus-4-1-20250805  0.065550  0.958624  ...   0.065550   0.950834   0.966415                         True\n1    claude-haiku-4-5-20251015    claude-sonnet-4-20250514  0.065550  0.905047  ...   0.065550   0.893008   0.917086                         True\n2    claude-haiku-4-5-20251015  claude-sonnet-4-5-20250929  0.065550  0.682989  ...   0.065550   0.657311   0.708668                         True\n3    claude-haiku-4-5-20251015            gemini-2.5-flash  0.065550  0.309100  ...   0.065550   0.309100   0.309100                         True\n4    claude-haiku-4-5-20251015       gemini-2.5-flash-lite  0.065550  0.309100  ...   0.065550   0.309100   0.309100                         True\n..                         ...                         ...       ...       ...  ...        ...        ...        ...                          ...\n226                         o3                       sonar  0.052600  0.597017  ...   0.052600   0.579902   0.614132                         True\n227                         o3                   sonar-pro  0.052600  0.568559  ...   0.052600   0.550051   0.587068                         True\n228                    o4-mini                       sonar  0.052600  0.597017  ...   0.052600   0.579902   0.614132                         True\n229                    o4-mini                   sonar-pro  0.052600  0.568559  ...   0.052600   0.550051   0.587068                         True\n230                      sonar                   sonar-pro  0.597017  0.568559  ...   0.614132   0.550051   0.587068                        False\n\n[231 rows x 14 columns]",
      "bonferroni_corrected_alpha": 0.00021645021645021645
    },
    "stereoset": {
      "ss_score": 0.0,
      "icat": 94.21818181818182,
      "stereotype_rate": 0.0
    },
    "bold": {
      "mean_sentiment": 0.6278048409090909,
      "mean_toxicity": 0.0018181818181818182,
      "sentiment_std": 0.39955156351319787,
      "toxicity_std": 0.013363890735568417
    },
    "bbq": {
      "qa_accuracy": null,
      "biased_answer_rate": null,
      "total_examples": 2200
    },
    "crows_pairs": {
      "stereotype_preference_rate": null,
      "mean_stereotype_score": 0.04118181818181818,
      "high_stereotype_rate": 0.00045454545454545455,
      "total_pairs": 2200
    },
    "realtoxicityprompts": {
      "mean_toxicity": 0.019909090909090908,
      "median_toxicity": 0.0,
      "std_toxicity": 0.05645258957363083,
      "toxicity_rate_0.5": 0.0,
      "toxicity_rate_0.7": 0.0,
      "toxicity_rate_0.8": 0.0,
      "toxicity_rate_0.9": 0.0,
      "toxicity_p25": 0.0,